uniprot;gene
Q09666;AHNAK
P02768;ALB
P07355;ANXA2
P04114;APOB
P61769;B2M
P27824;CANX
P68104;EEF1A1
P06733;ENO1
P49327;FASN
P07305;H1F0
P05204;HMGN2
P09651;HNRNPA1
P22626;HNRNPA2B1
P08238;HSP90AB1
P14625;HSP90B1
P04792;HSPB1
P10809;HSPD1
Q9BYX4;IFIH1
P01584;IL1B
P13796;LCP1
P14780;MMP9
P05164;MPO
P09874;PARP1
P00558;PGK1
P62937;PPIA
P06454;PTMA
P38159;RBMX
Q02878;RPL6
P30740;SERPINB1
Q13501;SQSTM1
P02787;TF
P01375;TNF
P11387;TOP1
P08670;VIM
P67809;YBX1