protein;gene
Q09666;AHNAK
P04083;ANXA1
P50995;ANXA11
P07355;ANXA2
P61769;B2M
P27797;CALR
P20810;CAST
P68104;EEF1A1
Q04637;EIF4G1
P06733;ENO1
P09651;HNRNPA1
P22626;HNRNPA2B1
Q99729;HNRNPAB
Q14103;HNRNPD
P08238;HSP90AB1
P14625;HSP90B1
P04792;HSPB1
P10809;HSPD1
Q16666;IFI16
Q13568;IRF5
P14780;MMP9
Q02818;NUCB1
P00558;PGK1
Q02878;RPL6
P62277;RPS13
P05455;SSB
P02787;TF
P11387;TOP1
P08670;VIM
